user_id,signup_date,acquisition_source,device,city,age
1,08-02-2024,Instagram,Web,Delhi,21
2,21-02-2024,Instagram,Android,Kolkata,23
3,29-01-2024,Referral,Web,Pune,17
4,15-01-2024,Instagram,Android,Jaipur,24
5,12-02-2024,Instagram,Android,Chennai,19
6,08-01-2024,Instagram,iOS,Kolkata,24
7,21-01-2024,Google Ads,Android,Delhi,23
8,08-02-2024,YouTube,Android,Delhi,22
9,27-02-2024,Google Ads,Web,Delhi,24
10,19-01-2024,Instagram,iOS,Kolkata,17
11,23-01-2024,Referral,Web,Mumbai,22
12,11-01-2024,Google Ads,Android,Pune,21
13,11-01-2024,Instagram,Web,Mumbai,19
14,24-01-2024,YouTube,Android,Chennai,19
15,22-02-2024,Referral,Web,Kolkata,21
16,05-02-2024,Website,iOS,Delhi,21
17,09-02-2024,YouTube,Web,Pune,18
18,24-01-2024,YouTube,iOS,Pune,21
19,03-01-2024,Website,Android,Bangalore,20
20,22-01-2024,YouTube,Web,Chennai,24
21,22-02-2024,Instagram,Web,Jaipur,21
22,02-01-2024,Website,Android,Jaipur,20
23,24-01-2024,Instagram,iOS,Pune,21
24,13-02-2024,YouTube,Android,Kolkata,18
25,30-01-2024,Instagram,Web,Delhi,20
26,07-02-2024,Instagram,Web,Delhi,24
27,02-01-2024,Instagram,Web,Pune,17
28,29-02-2024,Referral,Android,Mumbai,20
29,21-01-2024,Instagram,Web,Chennai,23
30,02-02-2024,Instagram,Android,Delhi,18
31,12-01-2024,Instagram,iOS,Pune,22
32,27-02-2024,YouTube,Android,Delhi,24
33,22-01-2024,Website,Android,Jaipur,20
34,13-02-2024,YouTube,Web,Pune,23
35,25-01-2024,YouTube,Android,Chennai,23
36,18-02-2024,Referral,Web,Pune,24
37,27-01-2024,YouTube,Web,Bangalore,24
38,28-02-2024,Instagram,iOS,Pune,23
39,11-02-2024,Instagram,Web,Pune,21
40,28-01-2024,Instagram,Android,Kolkata,23
41,29-02-2024,YouTube,Android,Jaipur,21
42,16-01-2024,YouTube,Android,Chennai,22
43,15-01-2024,Referral,Android,Kolkata,18
44,16-02-2024,Instagram,Android,Pune,19
45,20-02-2024,YouTube,Web,Chennai,21
46,13-02-2024,Google Ads,Web,Bangalore,23
47,24-02-2024,YouTube,Android,Chennai,23
48,21-02-2024,Referral,Web,Delhi,17
49,26-02-2024,YouTube,iOS,Kolkata,23
50,03-01-2024,Instagram,Web,Chennai,18
51,06-02-2024,Google Ads,Web,Jaipur,20
52,20-02-2024,YouTube,Android,Bangalore,20
53,07-01-2024,YouTube,Android,Hyderabad,23
54,21-01-2024,YouTube,Android,Pune,17
55,09-01-2024,YouTube,Android,Chennai,21
56,08-02-2024,Referral,iOS,Pune,18
57,18-01-2024,Instagram,Web,Mumbai,17
58,04-01-2024,Instagram,Android,Delhi,21
59,25-01-2024,Instagram,Android,Kolkata,18
60,29-02-2024,Referral,Web,Delhi,23
61,14-01-2024,Instagram,Android,Mumbai,20
62,19-02-2024,Referral,Android,Mumbai,18
63,27-02-2024,YouTube,iOS,Kolkata,23
64,09-01-2024,Referral,Android,Chennai,22
65,26-01-2024,Website,Android,Mumbai,19
66,22-02-2024,Referral,Android,Hyderabad,18
67,02-01-2024,Referral,iOS,Pune,19
68,20-01-2024,YouTube,Web,Pune,18
69,28-01-2024,YouTube,Android,Bangalore,19
70,16-02-2024,Instagram,Android,Jaipur,22
71,29-02-2024,Instagram,Android,Mumbai,20
72,07-01-2024,YouTube,Web,Mumbai,24
73,13-02-2024,YouTube,Web,Hyderabad,21
74,08-01-2024,Instagram,Android,Delhi,19
75,16-02-2024,YouTube,iOS,Delhi,22
76,04-02-2024,Referral,Android,Pune,19
77,14-01-2024,YouTube,Android,Pune,20
78,17-01-2024,Google Ads,Android,Chennai,19
79,05-02-2024,Referral,Android,Kolkata,22
80,19-02-2024,Website,Android,Jaipur,23
81,09-02-2024,Google Ads,Android,Hyderabad,22
82,04-01-2024,Referral,Android,Kolkata,24
83,02-01-2024,Website,Web,Kolkata,24
84,06-01-2024,Website,Android,Bangalore,24
85,23-02-2024,Instagram,Web,Kolkata,17
86,11-02-2024,YouTube,iOS,Bangalore,20
87,04-01-2024,Instagram,Android,Kolkata,23
88,23-02-2024,Instagram,Android,Hyderabad,17
89,29-01-2024,Google Ads,Android,Bangalore,20
90,18-01-2024,Google Ads,Android,Delhi,23
91,26-01-2024,Referral,Android,Bangalore,19
92,13-02-2024,Instagram,Web,Bangalore,23
93,03-02-2024,Referral,Web,Hyderabad,22
94,10-01-2024,Google Ads,Android,Hyderabad,17
95,05-02-2024,Google Ads,Web,Bangalore,19
96,14-01-2024,Website,Android,Jaipur,22
97,31-01-2024,Google Ads,Web,Mumbai,20
98,17-02-2024,Instagram,Web,Jaipur,23
99,15-01-2024,Referral,Web,Hyderabad,22
100,08-01-2024,YouTube,Android,Jaipur,19
101,14-01-2024,Instagram,Android,Jaipur,17
102,23-01-2024,Referral,iOS,Chennai,17
103,29-02-2024,Instagram,Android,Chennai,24
104,26-02-2024,Referral,iOS,Delhi,23
105,09-02-2024,YouTube,Android,Kolkata,22
106,21-01-2024,Referral,Android,Bangalore,24
107,16-01-2024,Instagram,Android,Mumbai,19
108,14-02-2024,Website,Android,Delhi,24
109,18-01-2024,Referral,iOS,Bangalore,18
110,16-02-2024,Instagram,Android,Jaipur,20
111,22-02-2024,YouTube,Android,Hyderabad,24
112,24-01-2024,Website,Android,Chennai,20
113,26-01-2024,YouTube,Android,Pune,19
114,25-01-2024,Instagram,Android,Mumbai,18
115,29-02-2024,YouTube,Android,Jaipur,17
116,29-02-2024,YouTube,Web,Pune,23
117,29-02-2024,Google Ads,Android,Chennai,21
118,14-02-2024,Google Ads,Android,Jaipur,21
119,10-02-2024,YouTube,Android,Kolkata,23
120,29-01-2024,Instagram,Android,Kolkata,19
121,15-01-2024,Google Ads,iOS,Pune,18
122,14-02-2024,YouTube,Android,Hyderabad,18
123,01-01-2024,Instagram,Android,Jaipur,20
124,25-01-2024,Website,Web,Bangalore,17
125,07-01-2024,Google Ads,Android,Jaipur,22
126,09-01-2024,Google Ads,Android,Hyderabad,24
127,24-01-2024,Referral,iOS,Jaipur,18
128,01-01-2024,YouTube,Web,Pune,23
129,13-02-2024,Referral,iOS,Hyderabad,22
130,08-01-2024,YouTube,Android,Chennai,21
131,24-01-2024,Instagram,Android,Mumbai,22
132,11-01-2024,YouTube,Android,Hyderabad,17
133,20-02-2024,YouTube,Android,Jaipur,23
134,17-01-2024,Google Ads,Web,Chennai,17
135,08-01-2024,Instagram,Android,Mumbai,22
136,04-02-2024,Instagram,Web,Kolkata,24
137,04-02-2024,Instagram,Web,Bangalore,19
138,02-02-2024,Instagram,Android,Pune,18
139,28-02-2024,Google Ads,Android,Jaipur,23
140,05-01-2024,Instagram,Web,Jaipur,19
141,11-02-2024,Google Ads,Android,Kolkata,22
142,08-02-2024,YouTube,Web,Bangalore,18
143,27-02-2024,YouTube,Android,Kolkata,20
144,10-02-2024,Referral,Android,Delhi,19
145,28-01-2024,YouTube,Web,Kolkata,19
146,07-01-2024,Referral,iOS,Chennai,22
147,09-01-2024,YouTube,Android,Mumbai,21
148,08-01-2024,YouTube,Web,Jaipur,22
149,12-01-2024,Website,Android,Kolkata,19
150,03-02-2024,Instagram,Web,Jaipur,18
151,02-02-2024,Instagram,Web,Hyderabad,24
152,17-02-2024,Referral,Android,Bangalore,21
153,24-02-2024,Instagram,Android,Kolkata,22
154,23-01-2024,Referral,Web,Mumbai,24
155,24-01-2024,YouTube,Android,Chennai,23
156,06-02-2024,Website,Web,Delhi,22
157,04-02-2024,Google Ads,Android,Jaipur,19
158,13-02-2024,Google Ads,iOS,Bangalore,24
159,09-02-2024,Website,Web,Pune,19
160,22-01-2024,YouTube,iOS,Mumbai,20
161,27-01-2024,Website,Android,Pune,24
162,04-02-2024,Instagram,Web,Mumbai,24
163,01-01-2024,YouTube,Web,Mumbai,22
164,04-02-2024,Instagram,Android,Chennai,19
165,06-02-2024,YouTube,Android,Chennai,23
166,16-02-2024,Instagram,Android,Chennai,17
167,14-01-2024,Referral,Web,Kolkata,21
168,03-01-2024,Referral,Android,Hyderabad,17
169,01-01-2024,Website,Android,Mumbai,21
170,05-01-2024,Instagram,Web,Bangalore,23
171,26-01-2024,Google Ads,Android,Pune,24
172,24-02-2024,YouTube,Android,Chennai,24
173,14-01-2024,Instagram,iOS,Kolkata,22
174,08-02-2024,YouTube,iOS,Chennai,20
175,27-01-2024,YouTube,Android,Pune,19
176,09-01-2024,Google Ads,Android,Pune,19
177,15-01-2024,YouTube,Web,Jaipur,19
178,15-01-2024,YouTube,Android,Mumbai,22
179,26-01-2024,Instagram,Android,Chennai,21
180,11-02-2024,Instagram,Android,Pune,24
181,29-02-2024,Instagram,Android,Hyderabad,23
182,13-01-2024,Website,Web,Hyderabad,19
183,20-02-2024,Instagram,Android,Chennai,17
184,01-02-2024,Instagram,Web,Kolkata,19
185,08-02-2024,Instagram,iOS,Pune,24
186,18-02-2024,Referral,Android,Jaipur,22
187,21-02-2024,Website,Web,Mumbai,23
188,01-02-2024,Referral,iOS,Mumbai,20
189,04-01-2024,Google Ads,Android,Kolkata,23
190,30-01-2024,YouTube,Android,Jaipur,17
191,06-02-2024,Instagram,Web,Mumbai,19
192,23-01-2024,Website,Web,Jaipur,19
193,08-02-2024,Referral,Web,Delhi,18
194,14-02-2024,Google Ads,Android,Chennai,21
195,15-01-2024,Referral,iOS,Mumbai,17
196,12-02-2024,Google Ads,Android,Hyderabad,18
197,29-01-2024,Google Ads,Android,Pune,23
198,05-02-2024,Website,Web,Jaipur,20
199,13-01-2024,Website,Android,Jaipur,21
200,01-02-2024,Google Ads,Android,Bangalore,17
201,07-01-2024,Google Ads,Android,Kolkata,19
202,28-02-2024,Instagram,Android,Bangalore,23
203,20-02-2024,Google Ads,Android,Mumbai,17
204,22-01-2024,Instagram,iOS,Bangalore,19
205,28-01-2024,YouTube,Android,Bangalore,24
206,02-01-2024,Website,Web,Delhi,21
207,11-02-2024,YouTube,Web,Jaipur,24
208,14-02-2024,YouTube,iOS,Hyderabad,24
209,26-02-2024,Instagram,Android,Kolkata,19
210,22-02-2024,Instagram,iOS,Hyderabad,20
211,06-01-2024,Google Ads,Android,Delhi,23
212,28-01-2024,Instagram,Web,Delhi,22
213,28-01-2024,Instagram,Web,Bangalore,19
214,13-02-2024,YouTube,Web,Chennai,20
215,13-02-2024,Referral,Android,Jaipur,22
216,20-01-2024,Google Ads,Web,Pune,23
217,30-01-2024,Instagram,Android,Jaipur,24
218,11-01-2024,YouTube,Web,Pune,21
219,27-02-2024,YouTube,iOS,Bangalore,21
220,24-02-2024,Google Ads,Android,Pune,23
221,28-01-2024,Google Ads,iOS,Delhi,23
222,25-01-2024,YouTube,Android,Hyderabad,17
223,08-02-2024,YouTube,Android,Pune,20
224,02-02-2024,YouTube,Android,Jaipur,24
225,01-01-2024,Referral,Android,Kolkata,20
226,26-02-2024,YouTube,Web,Bangalore,23
227,27-01-2024,YouTube,Android,Chennai,18
228,26-02-2024,YouTube,Android,Bangalore,18
229,21-02-2024,YouTube,iOS,Mumbai,22
230,13-01-2024,Referral,Web,Bangalore,22
231,10-02-2024,YouTube,Web,Delhi,18
232,03-01-2024,Google Ads,iOS,Hyderabad,23
233,08-02-2024,Google Ads,Web,Hyderabad,23
234,06-01-2024,YouTube,Android,Kolkata,22
235,08-01-2024,YouTube,Android,Pune,19
236,27-01-2024,Referral,Web,Delhi,23
237,09-01-2024,YouTube,Android,Mumbai,18
238,06-02-2024,YouTube,Web,Delhi,20
239,02-02-2024,Website,Android,Bangalore,23
240,20-02-2024,Instagram,Android,Delhi,24
241,11-02-2024,Instagram,Android,Delhi,23
242,13-02-2024,YouTube,Web,Kolkata,19
243,24-01-2024,Website,Web,Mumbai,22
244,15-01-2024,Instagram,Web,Bangalore,23
245,28-02-2024,Instagram,Android,Chennai,21
246,23-02-2024,Instagram,Android,Kolkata,17
247,01-02-2024,Instagram,iOS,Chennai,18
248,01-02-2024,Instagram,Web,Kolkata,24
249,24-01-2024,YouTube,Android,Hyderabad,24
250,10-02-2024,YouTube,Web,Jaipur,24
251,21-02-2024,Instagram,Android,Kolkata,21
252,18-02-2024,YouTube,Android,Pune,24
253,18-02-2024,Instagram,Android,Delhi,24
254,27-02-2024,Instagram,Web,Hyderabad,22
255,21-02-2024,YouTube,Web,Mumbai,20
256,12-01-2024,Google Ads,Android,Chennai,17
257,08-02-2024,Instagram,iOS,Jaipur,21
258,02-01-2024,YouTube,Android,Jaipur,17
259,03-01-2024,Instagram,Android,Kolkata,18
260,18-02-2024,Referral,Android,Delhi,22
261,06-02-2024,Google Ads,Android,Mumbai,23
262,18-02-2024,YouTube,Android,Pune,20
263,25-02-2024,Instagram,Web,Mumbai,22
264,17-01-2024,Website,Web,Delhi,17
265,28-02-2024,Instagram,Android,Pune,21
266,18-02-2024,Instagram,Android,Mumbai,18
267,02-01-2024,YouTube,Android,Pune,18
268,02-01-2024,Instagram,Android,Kolkata,22
269,28-01-2024,Website,Android,Kolkata,23
270,23-02-2024,Referral,Web,Delhi,21
271,23-01-2024,Instagram,Android,Delhi,23
272,06-02-2024,YouTube,Web,Pune,23
273,01-02-2024,Website,iOS,Bangalore,24
274,02-02-2024,Referral,Android,Hyderabad,21
275,01-01-2024,Google Ads,Web,Jaipur,17
276,19-01-2024,Website,Web,Mumbai,22
277,02-01-2024,Website,Web,Mumbai,22
278,22-02-2024,Google Ads,Android,Bangalore,24
279,13-02-2024,Instagram,Android,Bangalore,19
280,26-01-2024,YouTube,Android,Bangalore,22
281,01-02-2024,Referral,Android,Chennai,18
282,06-01-2024,Instagram,Android,Chennai,17
283,01-02-2024,Referral,Web,Pune,21
284,24-02-2024,Instagram,Android,Chennai,22
285,04-01-2024,Instagram,iOS,Kolkata,17
286,24-02-2024,YouTube,Web,Kolkata,24
287,11-01-2024,Instagram,Android,Delhi,22
288,25-02-2024,Website,Android,Jaipur,21
289,28-02-2024,Referral,iOS,Pune,20
290,17-01-2024,Referral,Web,Jaipur,21
291,07-02-2024,Google Ads,Web,Mumbai,21
292,24-01-2024,Instagram,Android,Hyderabad,21
293,05-01-2024,YouTube,Android,Delhi,22
294,21-02-2024,YouTube,Android,Mumbai,19
295,03-02-2024,YouTube,Android,Mumbai,21
296,06-01-2024,Instagram,Web,Pune,24
297,22-01-2024,YouTube,Web,Bangalore,18
298,11-01-2024,YouTube,Web,Bangalore,18
299,17-02-2024,Website,iOS,Jaipur,24
300,16-01-2024,Referral,Web,Delhi,17
301,02-02-2024,YouTube,Android,Bangalore,19
302,09-01-2024,Google Ads,Android,Mumbai,17
303,29-02-2024,Google Ads,iOS,Bangalore,24
304,28-02-2024,Instagram,Android,Chennai,18
305,06-01-2024,Referral,iOS,Bangalore,23
306,16-01-2024,Referral,Web,Mumbai,18
307,29-01-2024,YouTube,Android,Jaipur,20
308,03-01-2024,YouTube,Web,Pune,21
309,20-01-2024,Instagram,iOS,Delhi,23
310,29-02-2024,YouTube,Web,Hyderabad,18
311,28-02-2024,Instagram,iOS,Bangalore,22
312,05-02-2024,Referral,iOS,Kolkata,22
313,19-01-2024,Instagram,Android,Kolkata,17
314,26-01-2024,Instagram,Android,Jaipur,23
315,03-01-2024,Website,iOS,Mumbai,17
316,19-01-2024,Google Ads,Web,Hyderabad,21
317,20-01-2024,Instagram,Android,Hyderabad,21
318,01-02-2024,Instagram,Android,Chennai,20
319,07-01-2024,Instagram,Web,Hyderabad,24
320,21-02-2024,Google Ads,iOS,Kolkata,24
321,10-02-2024,Instagram,Web,Pune,19
322,02-02-2024,YouTube,Web,Mumbai,17
323,09-02-2024,Website,Android,Mumbai,21
324,08-02-2024,Instagram,Android,Bangalore,24
325,18-01-2024,Referral,iOS,Bangalore,17
326,09-02-2024,Website,Android,Bangalore,21
327,01-01-2024,Instagram,Android,Kolkata,18
328,11-01-2024,Referral,Android,Kolkata,17
329,28-01-2024,YouTube,Web,Jaipur,18
330,26-02-2024,Website,iOS,Kolkata,17
331,25-01-2024,YouTube,Android,Kolkata,19
332,19-02-2024,Google Ads,Android,Kolkata,20
333,23-01-2024,YouTube,Web,Kolkata,22
334,31-01-2024,Referral,iOS,Pune,24
335,30-01-2024,Google Ads,Android,Kolkata,22
336,11-02-2024,YouTube,Android,Jaipur,22
337,04-02-2024,Referral,Android,Hyderabad,18
338,07-01-2024,Instagram,iOS,Hyderabad,23
339,29-02-2024,Instagram,Android,Chennai,21
340,16-01-2024,Instagram,Android,Pune,22
341,26-01-2024,Instagram,Web,Bangalore,19
342,17-02-2024,Instagram,Web,Delhi,22
343,26-02-2024,Website,Android,Kolkata,17
344,21-02-2024,Instagram,iOS,Chennai,18
345,29-02-2024,Google Ads,Android,Delhi,23
346,18-02-2024,Instagram,Web,Jaipur,17
347,02-01-2024,Referral,Android,Hyderabad,23
348,01-01-2024,Website,Web,Chennai,17
349,17-02-2024,YouTube,Android,Jaipur,17
350,12-01-2024,Referral,iOS,Chennai,24
351,05-01-2024,Instagram,Web,Mumbai,20
352,06-02-2024,Referral,Web,Jaipur,20
353,01-02-2024,Instagram,Web,Hyderabad,21
354,28-02-2024,Website,Web,Hyderabad,18
355,24-02-2024,Instagram,Android,Pune,19
356,09-01-2024,YouTube,Android,Chennai,19
357,10-02-2024,Referral,iOS,Kolkata,19
358,04-02-2024,Instagram,Android,Hyderabad,24
359,19-01-2024,Instagram,Web,Chennai,17
360,17-02-2024,Instagram,iOS,Pune,20
361,16-01-2024,Instagram,Android,Kolkata,18
362,03-01-2024,YouTube,Web,Jaipur,17
363,20-01-2024,Instagram,Android,Pune,23
364,24-01-2024,YouTube,Web,Mumbai,20
365,23-02-2024,Instagram,Android,Kolkata,20
366,25-02-2024,Referral,Android,Chennai,22
367,02-02-2024,Instagram,Web,Hyderabad,22
368,24-01-2024,Instagram,Web,Hyderabad,24
369,21-02-2024,Instagram,Web,Chennai,18
370,11-01-2024,YouTube,Android,Chennai,23
371,18-02-2024,Referral,Android,Chennai,18
372,08-01-2024,YouTube,Web,Bangalore,18
373,05-02-2024,Instagram,Android,Kolkata,24
374,07-02-2024,Referral,iOS,Hyderabad,24
375,09-02-2024,Referral,Web,Kolkata,17
376,20-01-2024,Instagram,Web,Pune,21
377,04-02-2024,Referral,iOS,Hyderabad,24
378,17-02-2024,Website,Android,Bangalore,18
379,25-01-2024,Instagram,Web,Chennai,22
380,04-02-2024,Referral,Android,Mumbai,21
381,25-01-2024,Google Ads,iOS,Chennai,17
382,29-01-2024,YouTube,Android,Jaipur,21
383,18-01-2024,Instagram,Web,Chennai,19
384,15-02-2024,Instagram,iOS,Bangalore,23
385,18-01-2024,Referral,Android,Kolkata,21
386,02-01-2024,Website,Android,Hyderabad,18
387,23-02-2024,Google Ads,Web,Chennai,17
388,04-02-2024,YouTube,Android,Hyderabad,23
389,16-01-2024,Google Ads,Android,Delhi,18
390,10-02-2024,YouTube,Android,Pune,23
391,05-02-2024,YouTube,Android,Kolkata,22
392,02-02-2024,Instagram,iOS,Hyderabad,19
393,04-01-2024,Referral,Web,Mumbai,22
394,02-02-2024,YouTube,Android,Pune,18
395,14-01-2024,Referral,Android,Jaipur,18
396,21-01-2024,Instagram,Android,Jaipur,18
397,17-02-2024,Instagram,Android,Mumbai,20
398,20-01-2024,Instagram,Android,Chennai,19
399,25-02-2024,YouTube,Android,Pune,23
400,08-01-2024,Website,Android,Hyderabad,24
401,07-01-2024,Instagram,Web,Pune,18
402,03-01-2024,Referral,Android,Chennai,18
403,17-01-2024,YouTube,Web,Bangalore,23
404,02-02-2024,Referral,Web,Kolkata,24
405,17-02-2024,Instagram,Web,Mumbai,22
406,12-01-2024,Referral,Web,Chennai,22
407,28-02-2024,Referral,Android,Bangalore,18
408,20-02-2024,Instagram,iOS,Pune,17
409,22-01-2024,Instagram,Web,Pune,20
410,24-02-2024,Referral,Android,Chennai,22
411,22-01-2024,Website,Web,Hyderabad,17
412,15-02-2024,Instagram,Web,Pune,20
413,30-01-2024,Google Ads,Android,Hyderabad,18
414,07-02-2024,Website,Android,Hyderabad,19
415,07-02-2024,Referral,Android,Kolkata,21
416,14-02-2024,Website,iOS,Hyderabad,21
417,20-02-2024,Referral,Web,Delhi,18
418,23-02-2024,YouTube,iOS,Kolkata,22
419,08-01-2024,Instagram,Web,Bangalore,17
420,27-01-2024,Instagram,Android,Bangalore,19
421,27-01-2024,Google Ads,Android,Pune,23
422,03-02-2024,Google Ads,Web,Pune,20
423,21-01-2024,Instagram,Web,Hyderabad,18
424,30-01-2024,Referral,iOS,Kolkata,19
425,02-02-2024,Google Ads,Android,Kolkata,24
426,28-01-2024,YouTube,Android,Delhi,19
427,16-02-2024,YouTube,Web,Hyderabad,22
428,02-02-2024,YouTube,Web,Delhi,24
429,05-01-2024,Instagram,Web,Jaipur,20
430,29-02-2024,Instagram,Web,Hyderabad,24
431,17-02-2024,Instagram,Android,Mumbai,19
432,19-01-2024,Instagram,Web,Mumbai,22
433,04-01-2024,YouTube,Web,Chennai,24
434,04-02-2024,YouTube,iOS,Hyderabad,17
435,18-02-2024,Instagram,Web,Kolkata,22
436,17-01-2024,Referral,Android,Pune,17
437,13-02-2024,Instagram,Android,Bangalore,17
438,28-01-2024,Website,iOS,Chennai,24
439,30-01-2024,Website,Android,Pune,24
440,29-01-2024,Instagram,iOS,Mumbai,23
441,15-02-2024,YouTube,Android,Hyderabad,23
442,22-02-2024,Instagram,Web,Chennai,19
443,06-01-2024,YouTube,Web,Hyderabad,22
444,04-02-2024,Google Ads,iOS,Mumbai,23
445,29-02-2024,Instagram,Android,Chennai,17
446,10-02-2024,YouTube,Web,Mumbai,23
447,06-02-2024,Instagram,Android,Delhi,20
448,24-01-2024,Instagram,Android,Mumbai,19
449,29-01-2024,Google Ads,Web,Kolkata,22
450,18-02-2024,Instagram,Web,Kolkata,22
451,15-02-2024,YouTube,iOS,Hyderabad,21
452,22-02-2024,YouTube,Android,Bangalore,22
453,31-01-2024,Website,Android,Mumbai,19
454,04-02-2024,Instagram,Android,Pune,20
455,29-02-2024,YouTube,Android,Kolkata,22
456,02-02-2024,Google Ads,Android,Jaipur,21
457,21-02-2024,YouTube,Web,Bangalore,19
458,21-01-2024,Website,Android,Delhi,17
459,01-02-2024,Google Ads,iOS,Chennai,18
460,23-01-2024,Google Ads,iOS,Chennai,18
461,02-02-2024,Referral,Web,Kolkata,17
462,03-01-2024,Website,iOS,Bangalore,23
463,18-01-2024,Website,Web,Kolkata,22
464,25-01-2024,Google Ads,Android,Chennai,24
465,11-02-2024,Google Ads,Android,Jaipur,18
466,31-01-2024,Instagram,Android,Mumbai,23
467,23-02-2024,Instagram,Web,Bangalore,18
468,27-02-2024,YouTube,iOS,Hyderabad,17
469,03-01-2024,Instagram,Android,Mumbai,22
470,09-02-2024,YouTube,iOS,Mumbai,22
471,15-02-2024,Instagram,Web,Mumbai,23
472,24-01-2024,Instagram,Android,Hyderabad,17
473,19-02-2024,Referral,iOS,Jaipur,23
474,01-02-2024,Website,Android,Delhi,22
475,16-02-2024,Instagram,Android,Jaipur,24
476,22-01-2024,YouTube,Web,Jaipur,22
477,23-01-2024,Referral,Android,Jaipur,19
478,02-01-2024,Instagram,Web,Pune,24
479,27-01-2024,Referral,Android,Kolkata,23
480,11-02-2024,YouTube,Android,Chennai,19
481,02-01-2024,Instagram,iOS,Kolkata,17
482,26-01-2024,Website,Android,Bangalore,20
483,17-01-2024,Instagram,Android,Jaipur,18
484,09-02-2024,Google Ads,Android,Delhi,19
485,02-02-2024,Referral,iOS,Bangalore,18
486,09-01-2024,Instagram,Android,Kolkata,21
487,12-02-2024,Google Ads,Android,Chennai,17
488,23-02-2024,Website,Android,Hyderabad,20
489,17-02-2024,Instagram,Android,Kolkata,21
490,08-02-2024,Referral,Web,Mumbai,21
491,29-01-2024,YouTube,Web,Kolkata,22
492,11-02-2024,Google Ads,Android,Mumbai,21
493,24-02-2024,Google Ads,Web,Hyderabad,17
494,26-01-2024,Instagram,Android,Kolkata,19
495,04-02-2024,Website,iOS,Delhi,17
496,19-02-2024,Website,iOS,Delhi,19
497,25-01-2024,Google Ads,Android,Bangalore,21
498,24-01-2024,Referral,iOS,Hyderabad,21
499,13-01-2024,Google Ads,Web,Jaipur,24
500,29-02-2024,YouTube,Android,Delhi,20
501,27-02-2024,Google Ads,Android,Kolkata,19
502,07-01-2024,YouTube,Android,Hyderabad,21
503,26-02-2024,YouTube,Web,Chennai,22
504,05-02-2024,Referral,iOS,Mumbai,24
505,14-02-2024,YouTube,Web,Kolkata,18
506,20-01-2024,Instagram,iOS,Mumbai,24
507,01-01-2024,Instagram,Web,Mumbai,20
508,08-01-2024,YouTube,Web,Jaipur,17
509,15-02-2024,Google Ads,Web,Hyderabad,20
510,16-01-2024,YouTube,Android,Hyderabad,18
511,14-01-2024,Google Ads,Web,Bangalore,24
512,12-01-2024,YouTube,Web,Mumbai,19
513,20-02-2024,Google Ads,Android,Bangalore,17
514,23-01-2024,Instagram,Web,Jaipur,17
515,15-01-2024,YouTube,Android,Mumbai,19
516,28-01-2024,Google Ads,Android,Bangalore,23
517,03-02-2024,Referral,Web,Bangalore,23
518,02-01-2024,YouTube,Android,Chennai,20
519,01-02-2024,Instagram,Android,Bangalore,21
520,23-01-2024,Instagram,Android,Hyderabad,23
521,22-01-2024,Instagram,iOS,Bangalore,20
522,20-02-2024,Google Ads,Android,Mumbai,23
523,25-01-2024,Instagram,iOS,Bangalore,18
524,27-02-2024,YouTube,Android,Delhi,22
525,22-01-2024,YouTube,iOS,Pune,21
526,27-02-2024,Instagram,iOS,Mumbai,20
527,27-02-2024,YouTube,Android,Delhi,22
528,22-01-2024,Instagram,Android,Jaipur,22
529,18-02-2024,YouTube,Android,Mumbai,24
530,21-02-2024,Instagram,Web,Hyderabad,23
531,11-02-2024,Referral,Android,Pune,24
532,06-01-2024,Instagram,Android,Pune,19
533,15-01-2024,Website,Android,Hyderabad,18
534,23-02-2024,YouTube,Android,Pune,18
535,12-02-2024,Referral,Android,Hyderabad,18
536,29-02-2024,Google Ads,Web,Delhi,21
537,06-02-2024,Google Ads,iOS,Jaipur,17
538,02-02-2024,Referral,Android,Chennai,21
539,08-01-2024,YouTube,Web,Mumbai,20
540,22-02-2024,YouTube,Android,Hyderabad,22
541,29-02-2024,YouTube,Web,Mumbai,22
542,13-02-2024,YouTube,iOS,Jaipur,24
543,13-02-2024,Instagram,iOS,Delhi,17
544,05-01-2024,YouTube,iOS,Chennai,20
545,08-02-2024,Google Ads,Android,Jaipur,17
546,04-01-2024,YouTube,Web,Delhi,22
547,06-01-2024,Referral,Web,Pune,23
548,14-02-2024,Google Ads,Android,Mumbai,21
549,01-02-2024,Website,iOS,Kolkata,18
550,21-02-2024,Instagram,Android,Chennai,22
551,30-01-2024,YouTube,Web,Pune,19
552,16-02-2024,YouTube,Android,Jaipur,18
553,04-02-2024,YouTube,Android,Chennai,22
554,24-02-2024,Referral,Web,Pune,21
555,09-02-2024,Instagram,Web,Delhi,17
556,21-02-2024,Referral,Android,Hyderabad,23
557,16-01-2024,YouTube,Android,Mumbai,23
558,13-01-2024,Google Ads,Web,Bangalore,18
559,19-02-2024,Google Ads,Android,Bangalore,21
560,29-02-2024,YouTube,Android,Delhi,23
561,11-02-2024,YouTube,iOS,Jaipur,23
562,30-01-2024,YouTube,Web,Mumbai,20
563,19-01-2024,Instagram,Android,Jaipur,19
564,17-01-2024,YouTube,Web,Mumbai,18
565,25-02-2024,Instagram,Web,Delhi,17
566,19-01-2024,YouTube,iOS,Mumbai,23
567,28-01-2024,YouTube,Android,Hyderabad,20
568,27-02-2024,YouTube,Android,Jaipur,21
569,24-02-2024,Google Ads,Android,Delhi,23
570,26-01-2024,Instagram,Android,Hyderabad,24
571,06-02-2024,Google Ads,Web,Mumbai,19
572,26-01-2024,Instagram,Android,Delhi,17
573,22-02-2024,YouTube,Web,Mumbai,21
574,23-01-2024,Referral,Android,Jaipur,21
575,09-01-2024,Instagram,Android,Delhi,18
576,12-01-2024,YouTube,iOS,Mumbai,23
577,22-02-2024,YouTube,Android,Jaipur,18
578,01-01-2024,YouTube,Android,Hyderabad,17
579,27-02-2024,Instagram,Web,Kolkata,24
580,27-02-2024,Instagram,Android,Hyderabad,23
581,01-01-2024,Referral,Web,Mumbai,22
582,16-02-2024,YouTube,Web,Delhi,23
583,03-02-2024,Instagram,Android,Bangalore,24
584,01-02-2024,YouTube,Web,Hyderabad,22
585,23-02-2024,Google Ads,Android,Hyderabad,21
586,17-02-2024,Instagram,Android,Jaipur,18
587,25-01-2024,YouTube,Android,Pune,19
588,09-02-2024,YouTube,Android,Bangalore,23
589,14-02-2024,Website,iOS,Mumbai,19
590,22-02-2024,Instagram,Android,Kolkata,23
591,01-01-2024,YouTube,Android,Delhi,21
592,16-01-2024,YouTube,Android,Pune,18
593,08-02-2024,Google Ads,Web,Mumbai,17
594,05-01-2024,YouTube,Android,Chennai,17
595,22-01-2024,YouTube,Android,Kolkata,17
596,29-01-2024,Referral,Web,Hyderabad,23
597,24-02-2024,Google Ads,Android,Chennai,23
598,03-01-2024,YouTube,Android,Hyderabad,19
599,12-01-2024,Referral,Android,Hyderabad,18
600,26-01-2024,YouTube,Android,Chennai,24
601,16-01-2024,YouTube,iOS,Kolkata,23
602,20-02-2024,Instagram,Android,Jaipur,18
603,06-02-2024,Website,Android,Chennai,19
604,22-01-2024,Instagram,Android,Mumbai,23
605,26-02-2024,Instagram,Web,Pune,17
606,29-01-2024,Instagram,Web,Pune,17
607,14-01-2024,Google Ads,Android,Chennai,21
608,28-01-2024,Instagram,Web,Mumbai,22
609,05-01-2024,Instagram,Web,Jaipur,20
610,16-02-2024,Instagram,iOS,Pune,24
611,18-02-2024,Instagram,Web,Mumbai,22
612,30-01-2024,YouTube,Android,Jaipur,23
613,15-02-2024,Google Ads,Android,Mumbai,18
614,21-02-2024,YouTube,Android,Hyderabad,23
615,05-01-2024,YouTube,Android,Pune,18
616,12-01-2024,Google Ads,iOS,Jaipur,18
617,16-01-2024,Instagram,Android,Pune,22
618,26-01-2024,Instagram,Android,Hyderabad,20
619,26-01-2024,Website,Web,Chennai,21
620,17-02-2024,YouTube,Android,Hyderabad,22
621,21-01-2024,Instagram,Android,Pune,20
622,08-02-2024,YouTube,Android,Pune,17
623,05-02-2024,Instagram,Android,Kolkata,17
624,02-02-2024,YouTube,Web,Jaipur,18
625,30-01-2024,Instagram,Android,Chennai,19
626,06-02-2024,Instagram,Android,Hyderabad,23
627,23-01-2024,Instagram,Android,Jaipur,23
628,27-02-2024,Website,Android,Delhi,18
629,10-01-2024,Google Ads,Web,Jaipur,19
630,23-02-2024,Instagram,Android,Delhi,24
631,05-01-2024,Instagram,Android,Chennai,20
632,05-02-2024,Google Ads,iOS,Hyderabad,24
633,03-02-2024,Instagram,Web,Hyderabad,24
634,21-02-2024,Instagram,Android,Mumbai,17
635,31-01-2024,Website,Web,Pune,24
636,10-01-2024,Instagram,Web,Bangalore,23
637,27-02-2024,Google Ads,Web,Kolkata,22
638,19-01-2024,Website,Android,Jaipur,19
639,27-02-2024,YouTube,iOS,Chennai,20
640,01-02-2024,Instagram,Android,Bangalore,17
641,01-01-2024,Instagram,Android,Jaipur,24
642,25-02-2024,Referral,Android,Bangalore,22
643,05-01-2024,Referral,Android,Chennai,19
644,14-02-2024,Referral,Web,Hyderabad,18
645,04-01-2024,Instagram,Android,Chennai,18
646,16-01-2024,Referral,Android,Jaipur,18
647,24-01-2024,Website,iOS,Bangalore,23
648,16-01-2024,Google Ads,Android,Pune,20
649,24-02-2024,Website,Android,Kolkata,18
650,02-01-2024,Referral,Android,Kolkata,23
651,18-02-2024,Google Ads,Android,Pune,21
652,28-01-2024,YouTube,Android,Pune,23
653,01-02-2024,Instagram,Web,Hyderabad,17
654,27-01-2024,Instagram,Android,Jaipur,23
655,20-01-2024,Google Ads,Android,Delhi,20
656,24-01-2024,Instagram,Web,Chennai,22
657,12-01-2024,Referral,Web,Kolkata,24
658,19-02-2024,Website,Android,Pune,23
659,04-02-2024,Referral,Android,Chennai,18
660,29-02-2024,Instagram,Android,Kolkata,17
661,02-02-2024,Instagram,Android,Pune,19
662,02-02-2024,Instagram,Android,Jaipur,18
663,20-02-2024,Google Ads,Android,Kolkata,17
664,12-02-2024,Referral,iOS,Hyderabad,21
665,06-02-2024,Website,Android,Delhi,24
666,12-01-2024,YouTube,Web,Delhi,19
667,03-01-2024,Website,Android,Pune,21
668,01-01-2024,Referral,Web,Kolkata,22
669,02-02-2024,Instagram,Web,Hyderabad,17
670,09-02-2024,Referral,Web,Mumbai,21
671,10-01-2024,YouTube,Android,Chennai,24
672,12-02-2024,Instagram,Web,Chennai,24
673,13-02-2024,Google Ads,Android,Bangalore,22
674,29-01-2024,Instagram,Web,Hyderabad,24
675,13-01-2024,Google Ads,Android,Kolkata,17
676,12-01-2024,Google Ads,Android,Jaipur,17
677,31-01-2024,YouTube,Android,Jaipur,24
678,15-02-2024,YouTube,Android,Bangalore,21
679,02-01-2024,YouTube,Android,Pune,17
680,20-02-2024,YouTube,Android,Kolkata,18
681,19-02-2024,YouTube,iOS,Bangalore,24
682,04-02-2024,YouTube,Web,Delhi,17
683,23-01-2024,Instagram,iOS,Chennai,20
684,17-01-2024,YouTube,Android,Kolkata,22
685,26-01-2024,Instagram,iOS,Bangalore,24
686,08-01-2024,Google Ads,Web,Delhi,17
687,29-01-2024,Referral,Web,Hyderabad,20
688,26-01-2024,YouTube,Web,Bangalore,17
689,10-01-2024,YouTube,Android,Pune,17
690,26-01-2024,Website,Web,Pune,21
691,03-02-2024,Referral,Android,Pune,18
692,20-02-2024,Website,Android,Kolkata,24
693,10-02-2024,Referral,Android,Jaipur,22
694,07-01-2024,Instagram,iOS,Jaipur,24
695,04-01-2024,Instagram,iOS,Chennai,18
696,27-02-2024,YouTube,iOS,Bangalore,19
697,22-02-2024,Instagram,Web,Hyderabad,21
698,19-02-2024,YouTube,Android,Bangalore,21
699,14-02-2024,YouTube,Android,Chennai,18
700,11-01-2024,YouTube,Android,Delhi,23
701,29-01-2024,Google Ads,Android,Chennai,21
702,25-02-2024,Google Ads,Android,Pune,24
703,05-02-2024,YouTube,Android,Kolkata,18
704,25-01-2024,Referral,Android,Delhi,21
705,21-01-2024,YouTube,iOS,Kolkata,17
706,26-02-2024,Referral,Android,Pune,18
707,05-02-2024,Instagram,iOS,Mumbai,18
708,10-01-2024,Website,Web,Chennai,24
709,06-02-2024,Google Ads,Android,Chennai,20
710,09-01-2024,YouTube,Android,Hyderabad,21
711,24-01-2024,Instagram,Android,Bangalore,21
712,04-02-2024,YouTube,Android,Delhi,18
713,18-02-2024,Instagram,Web,Jaipur,17
714,04-02-2024,Instagram,Android,Kolkata,17
715,17-02-2024,Google Ads,Android,Delhi,22
716,05-02-2024,YouTube,Android,Hyderabad,17
717,18-01-2024,Google Ads,iOS,Hyderabad,21
718,18-02-2024,Website,Web,Kolkata,23
719,08-02-2024,YouTube,Web,Jaipur,20
720,01-02-2024,YouTube,Android,Bangalore,18
721,24-01-2024,Instagram,Web,Kolkata,19
722,23-01-2024,Google Ads,Web,Kolkata,20
723,01-02-2024,YouTube,Web,Pune,24
724,06-02-2024,Website,iOS,Jaipur,24
725,12-01-2024,Referral,Android,Bangalore,23
726,18-02-2024,YouTube,iOS,Chennai,19
727,24-02-2024,Instagram,iOS,Pune,20
728,13-01-2024,Referral,Android,Mumbai,17
729,23-01-2024,Referral,Android,Jaipur,21
730,25-01-2024,Instagram,iOS,Bangalore,23
731,04-02-2024,Instagram,Android,Hyderabad,19
732,10-02-2024,Referral,Android,Pune,23
733,30-01-2024,Instagram,iOS,Bangalore,20
734,17-01-2024,Website,Web,Delhi,21
735,18-02-2024,YouTube,Android,Kolkata,23
736,20-01-2024,Instagram,Web,Mumbai,19
737,17-02-2024,Referral,Android,Chennai,18
738,25-01-2024,YouTube,Android,Kolkata,20
739,22-01-2024,YouTube,Android,Delhi,18
740,13-01-2024,Instagram,Web,Delhi,17
741,28-02-2024,Instagram,Android,Mumbai,18
742,19-01-2024,Google Ads,Web,Chennai,18
743,18-02-2024,YouTube,Web,Hyderabad,22
744,05-02-2024,YouTube,Android,Pune,20
745,12-01-2024,Referral,Web,Jaipur,17
746,10-02-2024,Google Ads,Android,Chennai,18
747,19-01-2024,Instagram,Web,Jaipur,24
748,12-01-2024,YouTube,Android,Bangalore,21
749,09-01-2024,Website,iOS,Delhi,19
750,07-01-2024,Referral,Android,Bangalore,18
751,28-01-2024,YouTube,Android,Hyderabad,17
752,14-01-2024,Instagram,Web,Bangalore,18
753,31-01-2024,Instagram,Android,Chennai,19
754,21-02-2024,Google Ads,Android,Bangalore,17
755,19-01-2024,Referral,Web,Hyderabad,20
756,27-02-2024,Google Ads,Web,Hyderabad,17
757,16-02-2024,Referral,Web,Hyderabad,20
758,16-01-2024,Referral,Android,Chennai,17
759,22-02-2024,Instagram,Web,Hyderabad,24
760,05-01-2024,YouTube,Android,Delhi,23
761,04-02-2024,Instagram,Web,Kolkata,19
762,12-01-2024,Instagram,Web,Hyderabad,19
763,25-01-2024,Referral,Android,Bangalore,17
764,21-02-2024,YouTube,Android,Pune,23
765,28-02-2024,YouTube,Android,Bangalore,18
766,21-01-2024,Instagram,Android,Pune,19
767,05-02-2024,Instagram,Android,Bangalore,24
768,22-02-2024,Instagram,Android,Chennai,20
769,23-01-2024,Instagram,Web,Bangalore,20
770,16-01-2024,Google Ads,Android,Chennai,21
771,26-02-2024,Instagram,iOS,Chennai,22
772,08-02-2024,Google Ads,Android,Hyderabad,23
773,14-02-2024,Instagram,Web,Delhi,22
774,22-02-2024,Instagram,Web,Pune,22
775,11-02-2024,Instagram,Android,Hyderabad,20
776,27-02-2024,YouTube,Android,Hyderabad,24
777,08-02-2024,Google Ads,Web,Kolkata,24
778,14-01-2024,YouTube,Android,Chennai,21
779,31-01-2024,YouTube,iOS,Chennai,22
780,27-02-2024,Google Ads,Android,Pune,22
781,05-01-2024,Instagram,iOS,Bangalore,17
782,04-02-2024,Instagram,Android,Bangalore,17
783,23-01-2024,Referral,Web,Jaipur,17
784,29-01-2024,Google Ads,Web,Hyderabad,18
785,12-02-2024,Instagram,Web,Jaipur,22
786,11-01-2024,Website,Android,Mumbai,24
787,18-01-2024,Referral,Web,Mumbai,24
788,16-02-2024,Instagram,Android,Jaipur,18
789,12-01-2024,Google Ads,Web,Bangalore,24
790,09-01-2024,YouTube,Android,Mumbai,21
791,10-01-2024,YouTube,iOS,Kolkata,23
792,27-02-2024,YouTube,Android,Bangalore,20
793,13-02-2024,Instagram,Web,Chennai,22
794,17-01-2024,Google Ads,iOS,Hyderabad,24
795,07-02-2024,YouTube,Web,Delhi,20
796,07-01-2024,Referral,Android,Hyderabad,24
797,15-02-2024,Google Ads,Android,Jaipur,23
798,13-01-2024,Instagram,iOS,Bangalore,17
799,09-02-2024,Google Ads,Android,Jaipur,22
800,11-02-2024,Instagram,Android,Kolkata,19
801,09-01-2024,YouTube,Web,Bangalore,18
802,19-02-2024,Google Ads,Web,Hyderabad,18
803,27-01-2024,Instagram,Android,Kolkata,22
804,27-02-2024,YouTube,Web,Kolkata,23
805,02-01-2024,Instagram,Web,Kolkata,17
806,05-01-2024,Instagram,Android,Pune,18
807,29-01-2024,YouTube,iOS,Bangalore,17
808,06-02-2024,YouTube,Android,Mumbai,21
809,07-02-2024,Website,Android,Mumbai,20
810,19-01-2024,YouTube,Android,Bangalore,23
811,08-01-2024,Instagram,Android,Bangalore,19
812,17-02-2024,YouTube,iOS,Pune,20
813,14-02-2024,Instagram,Android,Mumbai,20
814,01-01-2024,Website,Android,Bangalore,21
815,22-01-2024,Google Ads,Android,Bangalore,18
816,21-02-2024,Referral,Web,Jaipur,19
817,17-01-2024,Instagram,Web,Pune,18
818,07-01-2024,YouTube,Android,Pune,22
819,25-01-2024,YouTube,Android,Hyderabad,20
820,14-02-2024,Referral,iOS,Pune,22
821,04-01-2024,Instagram,Android,Delhi,17
822,05-02-2024,Instagram,Android,Mumbai,20
823,06-01-2024,Website,Android,Hyderabad,18
824,29-02-2024,YouTube,Web,Delhi,20
825,31-01-2024,YouTube,Android,Bangalore,17
826,19-01-2024,Instagram,Android,Jaipur,21
827,13-02-2024,Website,Android,Jaipur,22
828,23-02-2024,Instagram,iOS,Bangalore,24
829,08-02-2024,Google Ads,Android,Hyderabad,22
830,27-01-2024,Referral,Web,Pune,18
831,10-01-2024,Instagram,Android,Kolkata,20
832,26-01-2024,Google Ads,Android,Jaipur,18
833,19-01-2024,Instagram,Web,Kolkata,21
834,08-02-2024,Instagram,Android,Bangalore,20
835,03-01-2024,Referral,iOS,Kolkata,24
836,14-02-2024,Referral,iOS,Chennai,20
837,13-01-2024,Google Ads,iOS,Hyderabad,24
838,19-02-2024,YouTube,Android,Delhi,18
839,28-01-2024,Instagram,Web,Hyderabad,18
840,27-02-2024,Instagram,Android,Mumbai,17
841,20-01-2024,Instagram,iOS,Pune,23
842,28-01-2024,Instagram,Web,Pune,23
843,08-01-2024,Instagram,Web,Hyderabad,21
844,10-02-2024,YouTube,Android,Bangalore,23
845,08-02-2024,Instagram,Android,Bangalore,17
846,01-01-2024,Instagram,Android,Chennai,22
847,03-01-2024,YouTube,Web,Chennai,24
848,13-01-2024,Referral,Android,Pune,20
849,28-01-2024,Instagram,Android,Chennai,18
850,26-02-2024,Website,Web,Jaipur,20
851,29-02-2024,Referral,Web,Jaipur,20
852,18-02-2024,Instagram,Android,Delhi,19
853,25-01-2024,Referral,Web,Chennai,22
854,25-02-2024,YouTube,Android,Delhi,19
855,02-02-2024,YouTube,Android,Chennai,23
856,07-02-2024,YouTube,Android,Pune,20
857,22-02-2024,YouTube,Android,Pune,24
858,06-01-2024,YouTube,Android,Delhi,18
859,27-02-2024,YouTube,Web,Hyderabad,24
860,13-02-2024,Google Ads,Android,Pune,20
861,14-02-2024,Google Ads,Android,Hyderabad,22
862,01-02-2024,YouTube,iOS,Bangalore,24
863,14-02-2024,Google Ads,Android,Jaipur,19
864,16-02-2024,Instagram,Android,Delhi,18
865,21-01-2024,Instagram,Web,Kolkata,20
866,16-01-2024,Referral,iOS,Pune,21
867,23-02-2024,Instagram,Web,Mumbai,22
868,21-01-2024,Instagram,Web,Bangalore,22
869,11-01-2024,Instagram,Web,Hyderabad,21
870,29-02-2024,Instagram,Android,Pune,24
871,06-02-2024,Website,Web,Delhi,20
872,05-02-2024,YouTube,Android,Kolkata,22
873,04-02-2024,Website,iOS,Chennai,18
874,19-01-2024,YouTube,Android,Kolkata,20
875,20-01-2024,YouTube,Web,Mumbai,20
876,26-02-2024,Instagram,Android,Hyderabad,19
877,18-01-2024,Google Ads,Web,Bangalore,22
878,16-02-2024,Instagram,Android,Kolkata,22
879,10-02-2024,Referral,iOS,Delhi,21
880,18-02-2024,Referral,Web,Mumbai,19
881,14-01-2024,Instagram,Android,Delhi,24
882,15-01-2024,Website,Web,Pune,23
883,31-01-2024,Referral,Web,Chennai,24
884,01-01-2024,Google Ads,Web,Bangalore,24
885,22-02-2024,Instagram,Android,Delhi,19
886,23-02-2024,YouTube,Android,Hyderabad,22
887,23-02-2024,YouTube,Android,Pune,20
888,03-01-2024,Instagram,Android,Pune,19
889,16-01-2024,Instagram,iOS,Bangalore,21
890,23-01-2024,Referral,Android,Pune,19
891,26-02-2024,Instagram,Web,Hyderabad,21
892,11-01-2024,YouTube,Android,Delhi,24
893,12-01-2024,Website,Android,Bangalore,23
894,10-01-2024,Referral,Web,Jaipur,19
895,01-02-2024,Instagram,iOS,Pune,21
896,16-01-2024,Referral,Android,Pune,19
897,08-01-2024,Instagram,Android,Hyderabad,23
898,07-02-2024,Instagram,Android,Chennai,24
899,12-01-2024,Google Ads,Android,Chennai,19
900,24-01-2024,YouTube,Android,Kolkata,18
901,28-01-2024,YouTube,Android,Pune,21
902,22-02-2024,YouTube,Android,Jaipur,23
903,08-01-2024,Instagram,Web,Delhi,21
904,27-02-2024,Instagram,Android,Bangalore,21
905,28-01-2024,YouTube,Android,Pune,17
906,05-02-2024,Referral,Android,Mumbai,23
907,26-01-2024,Google Ads,Web,Bangalore,19
908,08-01-2024,Instagram,iOS,Kolkata,21
909,27-02-2024,YouTube,Android,Chennai,22
910,29-02-2024,Instagram,Web,Jaipur,17
911,19-02-2024,Instagram,Android,Pune,18
912,28-01-2024,Referral,Android,Hyderabad,21
913,28-01-2024,Instagram,Android,Mumbai,24
914,06-02-2024,Instagram,Android,Pune,21
915,10-02-2024,Google Ads,Web,Jaipur,17
916,05-02-2024,Google Ads,iOS,Kolkata,19
917,27-01-2024,Google Ads,Android,Delhi,22
918,23-02-2024,Instagram,Web,Mumbai,24
919,17-01-2024,Instagram,Web,Kolkata,18
920,09-01-2024,Instagram,Android,Pune,24
921,02-02-2024,Instagram,Android,Delhi,21
922,22-02-2024,Google Ads,Android,Mumbai,19
923,20-01-2024,Referral,Android,Delhi,23
924,13-01-2024,Google Ads,Android,Delhi,22
925,28-01-2024,Referral,Android,Mumbai,23
926,17-02-2024,YouTube,Android,Mumbai,22
927,29-01-2024,Google Ads,Web,Delhi,18
928,13-01-2024,YouTube,Web,Kolkata,20
929,15-02-2024,YouTube,iOS,Jaipur,22
930,04-02-2024,YouTube,Android,Chennai,20
931,06-01-2024,Instagram,Web,Mumbai,23
932,18-01-2024,YouTube,iOS,Pune,22
933,20-02-2024,Website,Web,Bangalore,18
934,05-01-2024,Instagram,Android,Hyderabad,17
935,16-02-2024,Instagram,Web,Delhi,18
936,25-01-2024,YouTube,Android,Delhi,18
937,02-01-2024,Referral,Android,Hyderabad,17
938,10-01-2024,YouTube,Android,Chennai,17
939,25-02-2024,Google Ads,Web,Hyderabad,19
940,30-01-2024,Instagram,Android,Mumbai,22
941,19-02-2024,Google Ads,iOS,Hyderabad,23
942,28-02-2024,Instagram,Web,Delhi,19
943,14-02-2024,Referral,Android,Hyderabad,17
944,05-01-2024,Google Ads,iOS,Bangalore,20
945,24-02-2024,Instagram,Android,Pune,23
946,25-02-2024,Instagram,iOS,Mumbai,20
947,02-02-2024,Instagram,Android,Hyderabad,18
948,23-02-2024,YouTube,Android,Delhi,21
949,01-01-2024,Instagram,Web,Kolkata,18
950,18-01-2024,Google Ads,Web,Pune,18
951,01-02-2024,YouTube,Web,Mumbai,21
952,16-02-2024,Instagram,iOS,Delhi,22
953,18-02-2024,Instagram,Web,Chennai,17
954,11-01-2024,Instagram,Web,Bangalore,20
955,21-01-2024,Referral,iOS,Jaipur,18
956,26-01-2024,Instagram,Web,Chennai,21
957,25-01-2024,Google Ads,Android,Jaipur,19
958,22-01-2024,Referral,iOS,Bangalore,18
959,28-02-2024,Google Ads,Android,Hyderabad,20
960,27-01-2024,Referral,Web,Mumbai,17
961,18-02-2024,YouTube,iOS,Hyderabad,18
962,13-01-2024,Website,Web,Bangalore,18
963,02-02-2024,Instagram,Web,Bangalore,22
964,03-02-2024,Instagram,Web,Bangalore,24
965,10-02-2024,Google Ads,Android,Jaipur,21
966,04-02-2024,Website,iOS,Pune,19
967,01-01-2024,Referral,Android,Delhi,19
968,21-01-2024,Instagram,Android,Mumbai,23
969,17-02-2024,Instagram,Android,Hyderabad,17
970,24-02-2024,Website,Android,Hyderabad,23
971,06-01-2024,Instagram,Android,Chennai,20
972,28-01-2024,Referral,Web,Jaipur,17
973,17-01-2024,Referral,Android,Bangalore,18
974,05-01-2024,YouTube,Android,Kolkata,24
975,31-01-2024,YouTube,Android,Bangalore,18
976,05-01-2024,YouTube,Android,Bangalore,19
977,07-02-2024,Instagram,Web,Kolkata,20
978,03-01-2024,Referral,Android,Hyderabad,21
979,22-02-2024,YouTube,Android,Chennai,20
980,23-01-2024,Referral,Android,Delhi,18
981,06-02-2024,Instagram,Android,Kolkata,21
982,22-02-2024,Website,Android,Jaipur,20
983,06-02-2024,YouTube,Android,Pune,24
984,10-01-2024,Instagram,Web,Mumbai,24
985,10-01-2024,Instagram,Web,Jaipur,20
986,19-01-2024,Google Ads,Android,Kolkata,21
987,17-01-2024,Google Ads,iOS,Delhi,18
988,21-01-2024,Referral,Android,Hyderabad,20
989,14-01-2024,Instagram,Android,Pune,21
990,09-01-2024,Instagram,iOS,Pune,22
991,15-02-2024,YouTube,Android,Pune,24
992,01-01-2024,YouTube,iOS,Bangalore,22
993,20-02-2024,YouTube,Android,Mumbai,18
994,14-02-2024,Website,Android,Hyderabad,21
995,13-01-2024,Website,Android,Hyderabad,22
996,04-01-2024,Website,Web,Pune,21
997,01-01-2024,Referral,Web,Hyderabad,20
998,18-02-2024,YouTube,Web,Mumbai,18
999,09-02-2024,YouTube,Android,Mumbai,22
1000,01-02-2024,YouTube,Android,Chennai,23
1001,03-02-2024,Referral,Android,Kolkata,20
1002,28-01-2024,Instagram,Android,Kolkata,24
1003,31-01-2024,YouTube,iOS,Chennai,23
1004,08-01-2024,Instagram,Android,Delhi,23
1005,08-02-2024,YouTube,Web,Kolkata,17
1006,26-01-2024,Referral,Web,Mumbai,17
1007,27-02-2024,Referral,Android,Mumbai,18
1008,03-02-2024,Instagram,Web,Kolkata,22
1009,23-02-2024,Website,Android,Mumbai,22
1010,23-02-2024,Google Ads,Android,Chennai,22
1011,03-01-2024,Instagram,Android,Pune,21
1012,28-02-2024,Instagram,Web,Pune,20
1013,19-02-2024,Instagram,Android,Hyderabad,22
1014,12-01-2024,Instagram,Android,Jaipur,20
1015,01-01-2024,Website,Android,Jaipur,18
1016,23-02-2024,YouTube,Android,Pune,23
1017,13-02-2024,Referral,Web,Bangalore,22
1018,05-01-2024,Instagram,Web,Chennai,18
1019,30-01-2024,Instagram,Android,Mumbai,22
1020,30-01-2024,YouTube,Android,Kolkata,17
1021,28-02-2024,Instagram,Web,Pune,19
1022,26-02-2024,YouTube,Android,Chennai,18
1023,17-01-2024,Website,Web,Pune,22
1024,17-02-2024,YouTube,Android,Delhi,24
1025,16-02-2024,Google Ads,Android,Mumbai,19
1026,23-01-2024,Instagram,Android,Delhi,18
1027,15-01-2024,Instagram,Android,Mumbai,24
1028,06-02-2024,Instagram,Web,Chennai,24
1029,21-01-2024,YouTube,Android,Hyderabad,21
1030,14-01-2024,Instagram,Web,Pune,24
1031,02-01-2024,YouTube,iOS,Pune,22
1032,11-01-2024,YouTube,Android,Bangalore,21
1033,20-02-2024,YouTube,Web,Kolkata,17
1034,08-02-2024,Instagram,Android,Delhi,22
1035,07-02-2024,Instagram,Android,Pune,23
1036,29-02-2024,Website,Web,Chennai,24
1037,03-02-2024,Google Ads,Android,Hyderabad,17
1038,07-02-2024,YouTube,Web,Kolkata,19
1039,19-02-2024,Instagram,Android,Chennai,18
1040,03-02-2024,Website,Web,Delhi,24
1041,18-01-2024,Google Ads,iOS,Bangalore,20
1042,30-01-2024,Instagram,iOS,Pune,17
1043,15-01-2024,Referral,Web,Chennai,20
1044,27-01-2024,Instagram,Web,Kolkata,24
1045,20-02-2024,YouTube,Web,Mumbai,20
1046,03-02-2024,Google Ads,Web,Hyderabad,24
1047,21-02-2024,Instagram,Android,Kolkata,18
1048,26-02-2024,Website,Android,Chennai,19
1049,07-02-2024,Google Ads,Android,Hyderabad,18
1050,02-02-2024,YouTube,iOS,Pune,22
1051,24-01-2024,Instagram,Android,Mumbai,17
1052,15-01-2024,Instagram,Android,Bangalore,20
1053,29-02-2024,Instagram,Android,Kolkata,18
1054,30-01-2024,Referral,Web,Bangalore,24
1055,24-02-2024,Instagram,Web,Mumbai,18
1056,11-02-2024,YouTube,Android,Hyderabad,18
1057,20-02-2024,Google Ads,Android,Pune,17
1058,17-01-2024,Instagram,Web,Chennai,19
1059,05-01-2024,Google Ads,Android,Mumbai,23
1060,29-01-2024,Instagram,Android,Delhi,18
1061,04-01-2024,Website,Web,Hyderabad,17
1062,10-01-2024,YouTube,Web,Bangalore,20
1063,25-02-2024,Instagram,Android,Kolkata,24
1064,17-01-2024,Instagram,Web,Mumbai,22
1065,10-01-2024,YouTube,Web,Bangalore,23
1066,17-01-2024,Referral,Android,Hyderabad,21
1067,29-02-2024,Google Ads,iOS,Bangalore,23
1068,20-01-2024,Google Ads,Web,Mumbai,24
1069,24-01-2024,Instagram,Web,Hyderabad,23
1070,05-01-2024,Instagram,Web,Delhi,24
1071,03-02-2024,Instagram,Android,Mumbai,17
1072,06-01-2024,YouTube,Android,Chennai,21
1073,22-02-2024,Referral,Android,Jaipur,18
1074,02-01-2024,YouTube,Android,Pune,18
1075,13-01-2024,Instagram,Android,Mumbai,23
1076,12-02-2024,YouTube,iOS,Hyderabad,17
1077,12-02-2024,Referral,Web,Kolkata,21
1078,17-02-2024,Google Ads,Web,Pune,18
1079,11-01-2024,Referral,iOS,Mumbai,20
1080,20-02-2024,Instagram,Web,Delhi,19
1081,16-02-2024,Instagram,Android,Kolkata,19
1082,26-02-2024,Referral,Android,Delhi,18
1083,23-01-2024,Google Ads,Android,Chennai,21
1084,24-02-2024,Instagram,Web,Kolkata,22
1085,16-01-2024,Google Ads,Android,Bangalore,18
1086,31-01-2024,Referral,Web,Jaipur,22
1087,11-01-2024,Google Ads,Android,Kolkata,22
1088,23-02-2024,Google Ads,Web,Pune,24
1089,16-01-2024,YouTube,Web,Kolkata,24
1090,08-01-2024,YouTube,Web,Hyderabad,21
1091,04-01-2024,YouTube,iOS,Jaipur,22
1092,09-02-2024,Referral,Web,Hyderabad,20
1093,04-01-2024,Referral,iOS,Bangalore,21
1094,25-02-2024,Referral,iOS,Kolkata,18
1095,25-01-2024,Instagram,Web,Delhi,23
1096,03-01-2024,Google Ads,Web,Delhi,20
1097,01-02-2024,Referral,Android,Mumbai,17
1098,03-01-2024,Google Ads,Android,Chennai,19
1099,27-01-2024,Referral,Web,Pune,18
1100,29-01-2024,Referral,Android,Jaipur,18
1101,01-02-2024,YouTube,Android,Chennai,18
1102,19-02-2024,YouTube,iOS,Kolkata,20
1103,27-02-2024,Instagram,iOS,Chennai,17
1104,20-02-2024,YouTube,Web,Mumbai,23
1105,19-01-2024,Google Ads,Android,Chennai,21
1106,21-01-2024,Referral,Android,Jaipur,24
1107,05-01-2024,Instagram,Android,Bangalore,17
1108,18-01-2024,Instagram,Android,Mumbai,20
1109,28-01-2024,Google Ads,Android,Bangalore,18
1110,11-02-2024,Instagram,Android,Kolkata,19
1111,22-01-2024,Instagram,iOS,Mumbai,18
1112,21-01-2024,Instagram,Web,Kolkata,21
1113,06-01-2024,Instagram,Android,Kolkata,22
1114,01-01-2024,Instagram,Android,Chennai,19
1115,05-01-2024,YouTube,Android,Bangalore,18
1116,10-02-2024,YouTube,Android,Kolkata,23
1117,12-01-2024,Referral,iOS,Bangalore,19
1118,26-01-2024,YouTube,Android,Bangalore,22
1119,15-02-2024,Google Ads,Android,Mumbai,24
1120,03-02-2024,Instagram,Android,Hyderabad,17
1121,18-02-2024,Instagram,Android,Chennai,20
1122,14-01-2024,Google Ads,Web,Kolkata,24
1123,26-01-2024,Instagram,Web,Bangalore,18
1124,14-02-2024,YouTube,Web,Pune,21
1125,27-01-2024,YouTube,Android,Hyderabad,17
1126,09-01-2024,Google Ads,Web,Kolkata,24
1127,26-01-2024,Instagram,Web,Pune,18
1128,26-02-2024,Instagram,iOS,Chennai,17
1129,16-02-2024,Google Ads,Android,Chennai,24
1130,26-02-2024,Instagram,Android,Bangalore,21
1131,22-01-2024,Google Ads,Web,Bangalore,18
1132,16-02-2024,Google Ads,Web,Jaipur,22
1133,25-02-2024,Website,Android,Jaipur,22
1134,30-01-2024,Instagram,Android,Kolkata,21
1135,12-02-2024,Referral,Android,Mumbai,19
1136,17-02-2024,YouTube,iOS,Hyderabad,21
1137,17-01-2024,YouTube,Android,Kolkata,19
1138,26-01-2024,Instagram,iOS,Hyderabad,18
1139,05-02-2024,Google Ads,Android,Bangalore,24
1140,01-01-2024,Instagram,iOS,Chennai,19
1141,08-01-2024,YouTube,Web,Bangalore,18
1142,18-02-2024,Instagram,Android,Chennai,18
1143,04-02-2024,Referral,iOS,Jaipur,23
1144,21-02-2024,Referral,Android,Kolkata,20
1145,15-01-2024,Google Ads,iOS,Jaipur,18
1146,16-02-2024,Instagram,Web,Chennai,19
1147,25-02-2024,Instagram,Android,Bangalore,20
1148,22-01-2024,Google Ads,Web,Jaipur,20
1149,14-01-2024,YouTube,iOS,Delhi,18
1150,26-01-2024,Instagram,Android,Hyderabad,21
1151,28-01-2024,Google Ads,Web,Pune,21
1152,23-01-2024,Website,Web,Chennai,22
1153,14-01-2024,Google Ads,Web,Chennai,20
1154,24-01-2024,Google Ads,Android,Delhi,18
1155,02-01-2024,Website,Android,Kolkata,23
1156,14-02-2024,Instagram,Android,Kolkata,21
1157,26-01-2024,YouTube,Web,Kolkata,23
1158,14-01-2024,Website,Android,Pune,18
1159,28-02-2024,Instagram,iOS,Mumbai,18
1160,25-02-2024,Google Ads,Android,Delhi,24
1161,20-02-2024,YouTube,Web,Pune,20
1162,07-01-2024,YouTube,Android,Jaipur,24
1163,03-01-2024,Google Ads,Android,Delhi,23
1164,16-02-2024,Website,Android,Chennai,24
1165,23-01-2024,Referral,Android,Hyderabad,22
1166,15-02-2024,Instagram,Web,Delhi,20
1167,12-02-2024,Referral,iOS,Mumbai,17
1168,16-02-2024,Instagram,Web,Bangalore,24
1169,29-02-2024,YouTube,iOS,Jaipur,23
1170,14-02-2024,YouTube,iOS,Pune,21
1171,18-01-2024,YouTube,Web,Jaipur,21
1172,27-02-2024,YouTube,Web,Jaipur,21
1173,07-02-2024,Website,Web,Delhi,19
1174,04-02-2024,Google Ads,Android,Delhi,18
1175,20-02-2024,Google Ads,Web,Mumbai,20
1176,15-01-2024,Instagram,Android,Hyderabad,21
1177,25-01-2024,Website,Web,Delhi,17
1178,24-02-2024,Website,Web,Delhi,21
1179,06-02-2024,Referral,Android,Hyderabad,22
1180,28-01-2024,Instagram,Android,Mumbai,18
1181,10-01-2024,Instagram,iOS,Pune,23
1182,08-02-2024,Instagram,Web,Jaipur,18
1183,26-02-2024,Instagram,Android,Pune,24
1184,17-01-2024,YouTube,Web,Delhi,23
1185,08-02-2024,Website,Web,Hyderabad,23
1186,22-01-2024,YouTube,Android,Delhi,24
1187,26-01-2024,Instagram,iOS,Kolkata,20
1188,13-02-2024,Instagram,Web,Bangalore,24
1189,25-01-2024,Instagram,Android,Pune,19
1190,17-01-2024,Instagram,Web,Kolkata,23
1191,13-01-2024,Instagram,iOS,Chennai,23
1192,20-01-2024,Instagram,Android,Bangalore,24
1193,25-01-2024,Referral,Android,Delhi,20
1194,04-01-2024,Website,Android,Mumbai,21
1195,10-01-2024,YouTube,Web,Pune,22
1196,03-01-2024,YouTube,Web,Chennai,17
1197,10-02-2024,Referral,Web,Bangalore,20
1198,14-02-2024,Instagram,iOS,Pune,19
1199,18-01-2024,Instagram,Web,Hyderabad,20
1200,16-02-2024,Referral,Android,Mumbai,18
1201,05-02-2024,Instagram,Android,Bangalore,21
1202,16-02-2024,Google Ads,Android,Hyderabad,21
1203,22-01-2024,YouTube,Android,Kolkata,23
1204,03-02-2024,Instagram,Web,Delhi,21
1205,16-02-2024,Instagram,iOS,Hyderabad,21
1206,08-01-2024,Referral,Android,Bangalore,24
1207,09-02-2024,Instagram,Web,Jaipur,21
1208,18-02-2024,Instagram,Web,Bangalore,21
1209,13-02-2024,Google Ads,Android,Jaipur,17
1210,19-01-2024,YouTube,Android,Kolkata,19
1211,11-02-2024,Instagram,Android,Delhi,23
1212,10-02-2024,Referral,Android,Jaipur,24
1213,06-02-2024,YouTube,iOS,Jaipur,21
1214,06-01-2024,Referral,Android,Hyderabad,23
1215,21-02-2024,Referral,Android,Hyderabad,19
1216,26-01-2024,Google Ads,Android,Delhi,24
1217,03-02-2024,YouTube,iOS,Hyderabad,22
1218,28-02-2024,Website,Android,Pune,21
1219,25-02-2024,Instagram,Android,Delhi,23
1220,28-02-2024,Google Ads,Android,Mumbai,20
1221,14-02-2024,Instagram,Android,Jaipur,24
1222,06-01-2024,Instagram,Android,Bangalore,24
1223,06-02-2024,Instagram,Web,Mumbai,23
1224,26-02-2024,Website,Android,Jaipur,21
1225,02-02-2024,Website,Android,Pune,18
1226,22-02-2024,Instagram,Web,Jaipur,17
1227,22-01-2024,Instagram,Android,Jaipur,20
1228,21-01-2024,Google Ads,Android,Jaipur,20
1229,06-01-2024,YouTube,Android,Kolkata,18
1230,06-01-2024,Instagram,iOS,Pune,21
1231,24-02-2024,Google Ads,Android,Chennai,24
1232,17-02-2024,YouTube,iOS,Chennai,24
1233,04-01-2024,Website,Web,Chennai,17
1234,30-01-2024,Instagram,Android,Delhi,20
1235,11-01-2024,YouTube,iOS,Hyderabad,17
1236,30-01-2024,YouTube,Android,Pune,20
1237,31-01-2024,Referral,Android,Mumbai,21
1238,24-01-2024,YouTube,Web,Kolkata,22
1239,24-02-2024,Google Ads,Web,Mumbai,20
1240,09-01-2024,Instagram,Web,Mumbai,22
1241,24-02-2024,Referral,Android,Mumbai,20
1242,03-01-2024,YouTube,Android,Kolkata,24
1243,20-02-2024,Instagram,Web,Chennai,19
1244,31-01-2024,Google Ads,Android,Mumbai,21
1245,09-02-2024,Instagram,Android,Kolkata,18
1246,06-02-2024,Instagram,Android,Kolkata,22
1247,05-02-2024,Referral,Android,Hyderabad,18
1248,24-01-2024,YouTube,iOS,Kolkata,21
1249,31-01-2024,Google Ads,Android,Chennai,23
1250,06-01-2024,Instagram,iOS,Mumbai,18
1251,02-01-2024,Referral,Android,Kolkata,21
1252,20-01-2024,Instagram,Web,Delhi,24
1253,28-01-2024,YouTube,Android,Kolkata,18
1254,11-01-2024,Website,Android,Bangalore,22
1255,04-01-2024,Referral,Android,Bangalore,19
1256,15-01-2024,YouTube,Android,Bangalore,18
1257,06-01-2024,Instagram,Android,Kolkata,22
1258,23-02-2024,Referral,iOS,Chennai,20
1259,18-02-2024,YouTube,Web,Mumbai,21
1260,30-01-2024,Referral,Android,Pune,17
1261,25-02-2024,Referral,Android,Pune,23
1262,07-02-2024,Instagram,Android,Pune,24
1263,20-02-2024,Instagram,Web,Chennai,17
1264,26-02-2024,Google Ads,Web,Hyderabad,24
1265,02-01-2024,Instagram,iOS,Jaipur,21
1266,15-01-2024,Instagram,Android,Delhi,24
1267,11-01-2024,Website,Android,Delhi,19
1268,08-01-2024,YouTube,Android,Bangalore,18
1269,26-01-2024,Referral,Web,Bangalore,19
1270,20-02-2024,YouTube,Web,Kolkata,17
1271,14-02-2024,YouTube,Web,Pune,23
1272,13-02-2024,Instagram,Web,Kolkata,22
1273,05-01-2024,Instagram,Android,Jaipur,23
1274,06-01-2024,Instagram,Web,Pune,21
1275,26-01-2024,YouTube,Android,Bangalore,21
1276,23-02-2024,Referral,Web,Mumbai,19
1277,04-01-2024,YouTube,Android,Hyderabad,22
1278,19-01-2024,YouTube,Android,Kolkata,19
1279,20-01-2024,YouTube,iOS,Hyderabad,18
1280,02-02-2024,Instagram,iOS,Hyderabad,20
1281,20-01-2024,YouTube,Web,Hyderabad,22
1282,18-02-2024,Instagram,Android,Bangalore,20
1283,12-01-2024,Instagram,Web,Delhi,23
1284,16-02-2024,Instagram,Android,Bangalore,18
1285,01-01-2024,YouTube,iOS,Hyderabad,24
1286,26-01-2024,Referral,Android,Bangalore,24
1287,14-01-2024,Instagram,iOS,Hyderabad,20
1288,07-02-2024,Instagram,iOS,Chennai,17
1289,06-02-2024,Google Ads,Web,Pune,23
1290,11-01-2024,Instagram,Android,Delhi,20
1291,05-02-2024,Referral,Android,Chennai,18
1292,13-01-2024,YouTube,iOS,Mumbai,20
1293,12-02-2024,YouTube,Android,Bangalore,21
1294,03-01-2024,YouTube,iOS,Mumbai,19
1295,02-02-2024,Instagram,Android,Kolkata,17
1296,06-01-2024,Google Ads,Android,Bangalore,21
1297,19-02-2024,YouTube,iOS,Jaipur,21
1298,25-02-2024,Referral,Web,Jaipur,18
1299,10-01-2024,Instagram,Web,Pune,19
1300,05-01-2024,YouTube,Web,Chennai,19
1301,23-01-2024,YouTube,Android,Pune,22
1302,10-01-2024,Instagram,Web,Kolkata,23
1303,13-02-2024,YouTube,Android,Hyderabad,17
1304,02-01-2024,Google Ads,iOS,Pune,23
1305,13-01-2024,Referral,iOS,Pune,18
1306,09-02-2024,Instagram,Android,Jaipur,17
1307,02-01-2024,Referral,Web,Hyderabad,22
1308,20-01-2024,Website,Web,Jaipur,20
1309,01-01-2024,Referral,Android,Bangalore,21
1310,06-02-2024,Instagram,iOS,Hyderabad,17
1311,09-01-2024,Google Ads,Android,Chennai,23
1312,17-01-2024,Instagram,Android,Pune,21
1313,09-01-2024,Website,Android,Jaipur,18
1314,11-01-2024,YouTube,Android,Hyderabad,23
1315,15-01-2024,Instagram,Web,Kolkata,20
1316,24-01-2024,Google Ads,Web,Kolkata,18
1317,07-02-2024,Instagram,Web,Pune,24
1318,24-02-2024,Website,Web,Chennai,20
1319,04-02-2024,Website,Android,Mumbai,20
1320,30-01-2024,Google Ads,Android,Jaipur,21
1321,31-01-2024,Instagram,Android,Chennai,18
1322,18-02-2024,Google Ads,Android,Delhi,18
1323,05-01-2024,Instagram,Web,Delhi,17
1324,29-02-2024,Instagram,Android,Delhi,23
1325,13-02-2024,Referral,Android,Pune,24
1326,19-02-2024,Instagram,Android,Kolkata,18
1327,14-01-2024,YouTube,iOS,Bangalore,17
1328,22-02-2024,Website,iOS,Jaipur,24
1329,25-02-2024,Instagram,Web,Kolkata,19
1330,11-01-2024,Instagram,iOS,Bangalore,19
1331,09-01-2024,Website,Web,Bangalore,24
1332,03-02-2024,Instagram,Web,Kolkata,19
1333,12-01-2024,Referral,Android,Jaipur,22
1334,04-02-2024,Website,Web,Pune,18
1335,04-02-2024,Website,Web,Chennai,22
1336,01-01-2024,Google Ads,Web,Bangalore,23
1337,09-02-2024,Instagram,Web,Mumbai,18
1338,22-01-2024,Instagram,Android,Kolkata,17
1339,29-02-2024,Referral,Web,Kolkata,22
1340,29-01-2024,Referral,iOS,Delhi,22
1341,08-01-2024,YouTube,Android,Chennai,23
1342,11-01-2024,Instagram,Web,Delhi,22
1343,10-02-2024,Instagram,Android,Kolkata,20
1344,06-02-2024,Instagram,Web,Kolkata,17
1345,14-01-2024,Google Ads,Web,Bangalore,19
1346,29-02-2024,YouTube,Android,Chennai,17
1347,30-01-2024,Website,Web,Hyderabad,20
1348,04-02-2024,Google Ads,Android,Mumbai,23
1349,21-01-2024,Instagram,Web,Jaipur,23
1350,06-02-2024,Google Ads,Android,Bangalore,18
1351,05-01-2024,YouTube,Web,Kolkata,17
1352,19-01-2024,YouTube,Android,Jaipur,24
1353,28-02-2024,Google Ads,Web,Bangalore,24
1354,14-01-2024,Referral,Android,Mumbai,23
1355,26-01-2024,Referral,iOS,Kolkata,22
1356,04-01-2024,Instagram,iOS,Mumbai,23
1357,25-01-2024,Instagram,iOS,Jaipur,23
1358,14-02-2024,Google Ads,Web,Hyderabad,23
1359,11-02-2024,Instagram,Web,Bangalore,23
1360,25-01-2024,Instagram,Android,Pune,24
1361,18-01-2024,Instagram,Android,Bangalore,24
1362,09-02-2024,Google Ads,Android,Delhi,19
1363,08-01-2024,Instagram,Web,Chennai,19
1364,08-02-2024,Google Ads,iOS,Chennai,18
1365,09-02-2024,Website,Android,Delhi,23
1366,14-01-2024,Instagram,iOS,Kolkata,24
1367,01-02-2024,Instagram,Web,Chennai,17
1368,20-02-2024,Instagram,Web,Mumbai,20
1369,07-02-2024,Referral,Android,Jaipur,18
1370,02-02-2024,Instagram,Android,Jaipur,24
1371,23-01-2024,YouTube,Web,Chennai,17
1372,15-01-2024,Instagram,Web,Chennai,23
1373,02-02-2024,Referral,Android,Delhi,21
1374,25-01-2024,YouTube,Web,Kolkata,23
1375,17-01-2024,Referral,iOS,Hyderabad,19
1376,02-02-2024,Website,Web,Chennai,20
1377,16-02-2024,Instagram,iOS,Pune,24
1378,24-02-2024,Referral,Android,Chennai,24
1379,02-01-2024,Instagram,Android,Hyderabad,22
1380,14-01-2024,Referral,Web,Delhi,20
1381,22-02-2024,Google Ads,Android,Hyderabad,22
1382,09-02-2024,Referral,Android,Delhi,20
1383,09-02-2024,Instagram,Android,Mumbai,19
1384,20-02-2024,Instagram,Android,Delhi,22
1385,08-02-2024,YouTube,Android,Mumbai,17
1386,20-02-2024,YouTube,Android,Mumbai,22
1387,06-01-2024,Instagram,Android,Delhi,18
1388,06-01-2024,YouTube,Android,Pune,17
1389,03-01-2024,Instagram,Web,Bangalore,18
1390,07-01-2024,YouTube,Web,Delhi,23
1391,20-02-2024,Referral,Web,Chennai,20
1392,08-01-2024,YouTube,Android,Pune,17
1393,11-02-2024,Instagram,Android,Pune,20
1394,21-02-2024,YouTube,Web,Chennai,23
1395,15-01-2024,Instagram,Web,Bangalore,21
1396,16-02-2024,Website,Android,Pune,24
1397,29-01-2024,Instagram,Android,Mumbai,20
1398,02-02-2024,Google Ads,iOS,Jaipur,23
1399,21-02-2024,Website,Android,Bangalore,20
1400,30-01-2024,Referral,Android,Kolkata,23
1401,08-02-2024,Google Ads,Web,Chennai,18
1402,27-01-2024,Referral,Android,Bangalore,23
1403,05-02-2024,Website,Android,Delhi,22
1404,29-01-2024,Google Ads,Android,Jaipur,21
1405,07-02-2024,YouTube,Web,Bangalore,20
1406,26-02-2024,Google Ads,Android,Mumbai,23
1407,02-02-2024,YouTube,Android,Jaipur,23
1408,06-02-2024,Google Ads,Android,Delhi,20
1409,27-01-2024,YouTube,Web,Hyderabad,24
1410,24-02-2024,Instagram,Android,Chennai,21
1411,02-02-2024,Instagram,iOS,Jaipur,21
1412,04-01-2024,Instagram,Android,Chennai,23
1413,22-01-2024,Instagram,iOS,Bangalore,17
1414,02-01-2024,Instagram,iOS,Pune,18
1415,10-01-2024,YouTube,Android,Delhi,21
1416,05-01-2024,Instagram,Android,Hyderabad,21
1417,28-02-2024,Referral,Android,Delhi,19
1418,10-01-2024,Instagram,Android,Chennai,22
1419,02-02-2024,Instagram,Web,Delhi,21
1420,23-02-2024,Google Ads,Android,Hyderabad,18
1421,07-02-2024,YouTube,Android,Pune,22
1422,13-01-2024,Instagram,Android,Bangalore,22
1423,31-01-2024,Referral,iOS,Mumbai,20
1424,16-02-2024,Referral,Android,Delhi,20
1425,05-02-2024,Instagram,Android,Jaipur,20
1426,14-02-2024,Instagram,Android,Mumbai,20
1427,24-01-2024,Website,iOS,Chennai,19
1428,21-02-2024,Google Ads,Web,Bangalore,21
1429,25-02-2024,YouTube,Android,Kolkata,20
1430,15-01-2024,Referral,Android,Bangalore,23
1431,29-01-2024,Instagram,Android,Delhi,17
1432,08-01-2024,YouTube,Android,Jaipur,20
1433,05-01-2024,Instagram,iOS,Pune,21
1434,29-01-2024,Referral,Web,Bangalore,20
1435,16-02-2024,YouTube,Android,Delhi,19
1436,04-01-2024,Google Ads,iOS,Delhi,18
1437,12-01-2024,Instagram,Android,Mumbai,18
1438,14-02-2024,Instagram,Web,Bangalore,21
1439,02-01-2024,YouTube,iOS,Delhi,23
1440,27-01-2024,Google Ads,Android,Mumbai,18
1441,31-01-2024,YouTube,Web,Jaipur,24
1442,20-02-2024,Instagram,Android,Hyderabad,18
1443,20-02-2024,Referral,Android,Jaipur,17
1444,05-02-2024,Instagram,Android,Kolkata,21
1445,05-02-2024,Website,Android,Mumbai,23
1446,26-01-2024,Instagram,Web,Mumbai,21
1447,12-02-2024,Google Ads,iOS,Delhi,18
1448,27-01-2024,Instagram,Web,Chennai,18
1449,05-01-2024,Website,iOS,Chennai,18
1450,20-01-2024,YouTube,Web,Pune,22
1451,11-01-2024,Instagram,Android,Chennai,19
1452,10-01-2024,Instagram,Android,Mumbai,20
1453,09-02-2024,Instagram,Android,Pune,24
1454,07-02-2024,Instagram,Web,Jaipur,19
1455,06-01-2024,Website,iOS,Delhi,21
1456,08-01-2024,YouTube,Android,Jaipur,24
1457,23-01-2024,Referral,Web,Bangalore,17
1458,16-02-2024,Google Ads,Web,Kolkata,20
1459,26-01-2024,Google Ads,Web,Kolkata,17
1460,15-02-2024,Instagram,Android,Mumbai,23
1461,12-02-2024,Instagram,Android,Mumbai,22
1462,12-01-2024,Referral,Android,Pune,21
1463,26-01-2024,Website,Android,Delhi,22
1464,13-01-2024,Instagram,Android,Hyderabad,21
1465,09-02-2024,Instagram,Web,Mumbai,17
1466,18-01-2024,YouTube,Android,Hyderabad,17
1467,25-01-2024,Website,iOS,Jaipur,17
1468,02-02-2024,Instagram,Android,Hyderabad,21
1469,16-02-2024,YouTube,Web,Chennai,18
1470,09-02-2024,Referral,Android,Delhi,17
1471,29-02-2024,Instagram,Web,Kolkata,22
1472,12-02-2024,Instagram,iOS,Kolkata,23
1473,12-01-2024,Google Ads,Android,Hyderabad,20
1474,13-02-2024,Website,Android,Kolkata,21
1475,05-02-2024,Instagram,Web,Jaipur,24
1476,17-02-2024,YouTube,Android,Delhi,22
1477,04-01-2024,YouTube,Android,Chennai,19
1478,05-01-2024,YouTube,Android,Delhi,23
1479,25-02-2024,Google Ads,Android,Mumbai,19
1480,06-02-2024,YouTube,Web,Hyderabad,20
1481,08-01-2024,YouTube,Android,Delhi,18
1482,11-02-2024,YouTube,iOS,Jaipur,17
1483,18-02-2024,YouTube,Web,Kolkata,21
1484,28-01-2024,YouTube,Web,Bangalore,22
1485,31-01-2024,Referral,Web,Delhi,24
1486,27-02-2024,Instagram,iOS,Hyderabad,17
1487,09-01-2024,Referral,Android,Chennai,22
1488,23-02-2024,Referral,iOS,Kolkata,21
1489,20-02-2024,Instagram,Web,Chennai,19
1490,29-01-2024,YouTube,Web,Hyderabad,17
1491,14-01-2024,YouTube,Web,Kolkata,20
1492,09-02-2024,Instagram,Android,Mumbai,18
1493,10-02-2024,YouTube,Android,Kolkata,20
1494,22-01-2024,Instagram,Web,Mumbai,18
1495,11-01-2024,Instagram,Android,Chennai,23
1496,23-01-2024,Referral,Web,Chennai,22
1497,01-01-2024,Instagram,Android,Hyderabad,17
1498,15-02-2024,Referral,Android,Mumbai,17
1499,06-02-2024,YouTube,Android,Chennai,23
1500,21-01-2024,Referral,Android,Mumbai,18
